State,Route_name,Route_link
Chandigarh,Delhi to Chandigarh,https://www.redbus.in/bus-tickets/delhi-to-chandigarh
Chandigarh,Chandigarh to Delhi,https://www.redbus.in/bus-tickets/chandigarh-to-delhi
Chandigarh,Yamuna Nagar to Chandigarh,https://www.redbus.in/bus-tickets/yamuna-nagar-to-chandigarh
Chandigarh,Ludhiana to Chandigarh,https://www.redbus.in/bus-tickets/ludhiana-to-chandigarh
Chandigarh,Chandigarh to Yamuna Nagar,https://www.redbus.in/bus-tickets/chandigarh-to-yamuna-nagar
Chandigarh,Chandigarh to Hamirpur (Himachal Pradesh),https://www.redbus.in/bus-tickets/chandigarh-to-hamirpur-himachal-pradesh
Chandigarh,Chandigarh to Baijnath,https://www.redbus.in/bus-tickets/chandigarh-to-baijnath
Chandigarh,Hamirpur (Himachal Pradesh) to Chandigarh,https://www.redbus.in/bus-tickets/hamirpur-himachal-pradesh-to-chandigarh
Chandigarh,Chandigarh to Ludhiana,https://www.redbus.in/bus-tickets/chandigarh-to-ludhiana
Chandigarh,Chandigarh to Dehradun,https://www.redbus.in/bus-tickets/chandigarh-to-dehradun
Chandigarh,Chandigarh to Sujanpur (himachal pradesh),https://www.redbus.in/bus-tickets/chandigarh-to-sujanpur
Chandigarh,Chandigarh to Vrindavan,https://www.redbus.in/bus-tickets/chandigarh-to-vrindavan
Chandigarh,Chandigarh to Pathankot,https://www.redbus.in/bus-tickets/chandigarh-to-pathankot
Chandigarh,Dehradun to Chandigarh,https://www.redbus.in/bus-tickets/dehradun-to-chandigarh
Chandigarh,Chandigarh to Dharamshala (Himachal Pradesh),https://www.redbus.in/bus-tickets/chandigarh-to-dharamshala
Chandigarh,Sujanpur (himachal pradesh) to Chandigarh,https://www.redbus.in/bus-tickets/sujanpur-to-chandigarh
Chandigarh,Chandigarh to Dinanagar (punjab),https://www.redbus.in/bus-tickets/chandigarh-to-dinanagar-punjab
Chandigarh,Vrindavan to Chandigarh,https://www.redbus.in/bus-tickets/vrindavan-to-chandigarh
Chandigarh,Chandigarh to Shimla,https://www.redbus.in/bus-tickets/chandigarh-to-shimla
Chandigarh,Chandigarh to Talwara,https://www.redbus.in/bus-tickets/chandigarh-to-talwara
Chandigarh,Dinanagar (punjab) to Chandigarh,https://www.redbus.in/bus-tickets/dinanagar-punjab-to-chandigarh
Chandigarh,Chandigarh to Agra,https://www.redbus.in/bus-tickets/chandigarh-to-agra
Chandigarh,Rohtak to Chandigarh,https://www.redbus.in/bus-tickets/rohtak-to-chandigarh
Chandigarh,Talwara to Chandigarh,https://www.redbus.in/bus-tickets/talwara-to-chandigarh
Chandigarh,Dharamshala (Himachal Pradesh) to Chandigarh,https://www.redbus.in/bus-tickets/dharamshala-to-chandigarh
Chandigarh,Pathankot to Chandigarh,https://www.redbus.in/bus-tickets/pathankot-to-chandigarh
Chandigarh,Baijnath to Chandigarh,https://www.redbus.in/bus-tickets/baijnath-to-chandigarh
Chandigarh,Shimla to Chandigarh,https://www.redbus.in/bus-tickets/shimla-to-chandigarh
Chandigarh,Chandigarh to Haridwar,https://www.redbus.in/bus-tickets/chandigarh-to-haridwar
